Timestamp,姓名,Netid,照片编号,请选择下面的部门或子社团
42252.66583,黄雨鸣,yhuan127,6591,JF乐团
42252.65893,丁一真,ding33,6590,JF乐团
42252.61551,顾思齐,siqigu2,6443,JF乐团
42252.64741,李夏禾,xiaheli2,6548,JF乐团
42252.63097,李心怡,xinyili5,6485,JF乐团
42272.37872,凌宇翔,yling8,7932,JF乐团
42252.66163,刘昱希,0,6598,JF乐团
42252.6608,卢凯闻,klu12,6596,JF乐团
42252.65257,申思逸,sshen22,6568,JF乐团
42252.65693,孙仕凛,ssun24,6581,JF乐团
42252.66745,王宸,cwang103,6611,JF乐团
42252.66705,王舒雨,swang181,6615,JF乐团
42252.64743,韦笑,xiaowei2,6549,JF乐团
42252.68113,吴雨桐,ywu116,6661,JF乐团
42252.65966,邢佳昊,jxing6,6592,JF乐团
42252.66131,徐天纬,txu25,6597,JF乐团
42252.66004,尤圣文,679127507,6593,JF乐团
42252.64798,于漭,mangyu2,6551,JF乐团
42252.67623,张来凯,lzhang90,6642,JF乐团
42252.61392,赵安,anzhao2,6437,JF乐团
42252.63598,朱凯闻,kczhu2,6505,JF乐团
42252.63517,潘悦,yuepan4,6501,本科生部
42252.63532,陈泽培,zchen135,6502,本科生部
42252.64605,崔乐乐,ccui6,6544,本科生部
42252.62957,浮钰琪,yuqifu2,6482,本科生部
42252.62076,李心如,xinruli3,6458,本科生部
42252.62188,卢凯闻,klu12,6465,本科生部
42252.66791,罗钰翔,yluo34,6617,本科生部
42252.66794,石徐而,xuershi2,6618,本科生部
42252.56382,宋子昂,zsong18,6360,本科生部
42252.64002,田徐丽晓,xtian6,6518,本科生部
42252.6431,王科翔,kwang66,6532,本科生部
42252.63551,张绍宁,szhang87,6503,本科生部
42266.45623,张耀予,yzhng218,7910,本科生部
42252.67422,赵晗,hanzhao3,6639,本科生部
42252.64814,周安楠,azhou6,6553,本科生部
42252.64901,朱婕,jiezhu3,6556,本科生部
42264.86407,李幸怡,xli65,7912,财务部
42252.6212,秦天鸿,tqin5,6462,财务部
42252.62142,陈逸如,ychen376,6464,财务部
42252.62114,刘楚玉,chuliu2,6463,财务部
42266.48451,刘翥,zhuliu2,7922,财务部
42267.96637,邱实,shiqiu4,7903,财务部
42252.65668,孙仕凛,ssun24,6577,光子映画
42252.68412,单曦纬,xshan6,6672,光子映画
42252.65275,何宇琛,he34,6570,光子映画
42252.66605,黄雨鸣,yhuan127,6595,光子映画
42252.65424,赖浩铭,hlai10,6575,光子映画
42252.63823,李澜,lanli4,6513,光子映画
42252.64272,刘美君,mliu73,6531,光子映画
42252.66359,刘梦瑶,mliu71,6606,光子映画
42252.65318,宁睿,ruining2,6572,光子映画
42252.6655,孙雪乔,xsun46,6610,光子映画
42306.71716,唐若楠,rtang11,7826,光子映画
42252.68173,吴雨桐,ywu116,6646,光子映画
42252.64453,项帆波,fxiang22,6535,光子映画
42252.65319,邢环宇,hxing2,6571,光子映画
42252.63792,许多,duoxu5,6512,光子映画
42252.65401,杨曼琳,myang38,6574,光子映画
42252.66452,赵文婧,wzhao31,6609,光子映画
42252.6551,周明锐,mzhou32,6579,光子映画
42252.61524,毛秀东,xmao7,6442,镜缘舞社
42252.5995,耿瀚飞,hgeng4,6406,镜缘舞社
42252.66381,刘梦瑶,mliu71,6599,镜缘舞社
42252.60875,彭楚乔,cpeng10,6424,镜缘舞社
42252.66186,张华馨,hzhan107,6600,镜缘舞社
42252.61765,张若岩,rzhang47,6450,镜缘舞社
42252.60572,章纪珉,jzhan159,6417,镜缘舞社
42252.66258,朱钧瀚,jchu12,6601,镜缘舞社
42252.67996,雷洋,yanglei2,6658,人力资源部
42252.67263,高兆琛,zgao22,6634,人力资源部
42252.67306,何雨晨,he48,6635,人力资源部
42252.67935,李敏,minli4,6656,人力资源部
42252.67924,刘澜鸽,lliu37,6655,人力资源部
42252.67781,刘仲浩,zliu59,6649,人力资源部
42252.67733,马钰焰,yuyanma2,6648,人力资源部
42264.88155,沈佚蔚,yshen42,7908,人力资源部
42252.6782,吴昊,haowu13,6650,人力资源部
42252.64868,赵朔冉,szhao44,6555,人力资源部
42252.67981,周敬天,jzhou60,6657,人力资源部
42252.61149,金光捷,gjin6,6430,外联部
42252.61908,Yiyue Sun,sun84,6456,外联部
42252.61951,白宇轩,ybai10,6457,外联部
42252.61899,陈嘉琪,jchen244,6454,外联部
42252.61854,陈文静,wchen105,6453,外联部
42252.60823,韩诗翀,shan61,6423,外联部
42252.66851,黄诗煜,shuang74,6620,外联部
42252.67094,黄以恒,yhung131,6629,外联部
42252.66738,李天傲,tli60,6616,外联部
42252.62883,刘铮,zliu104,6479,外联部
42252.6294,卢逸诗,yishilu2,6480,外联部
42252.62305,王昱盈,ywang498,6469,外联部
42252.6142,武帅启,swu63,6438,外联部
42252.66636,熊淑洁,sxiong14,6614,外联部
42252.6182,钟羽乔,yzhong25,6452,外联部
,庞备,,,网络技术部
42280.78406,Siheng Pan,span14,7800,网络技术部
42252.68384,单曦纬,xshan6,6666,网络技术部
42252.61456,龚崛,juegong2,6439,网络技术部
42267.45053,姜明昊,mjiang24,7801,网络技术部
42252.61482,天元,tzhang29,6441,网络技术部
42252.61369,王柳人,lwang108,6435,网络技术部
42252.64425,项帆波,fxiang2,6534,网络技术部
42264.86057,章啸威,xzhan145,7924,网络技术部
42252.60771,毛秀东,xmao7,6421,文体部
42252.63396,董纪洋,jdong13,6495,文体部
42252.64275,冀梓瑜,ziyuji2,6530,文体部
42252.6328,李力丰,lli62,6492,文体部
42252.63308,梁敏强,mliang8,6493,文体部
42252.64416,刘世皓,sliu201,6536,文体部
42252.63248,卢逸扬,lu70,6490,文体部
42252.57344,聂磐,pannie2,6391,文体部
42252.64534,潘思达,sidapan2,6541,文体部
42252.67668,潘燕思宇,ypan28,6645,文体部
42252.65664,平一凡,ping3,6583,文体部
42252.63127,沈梦溪,mshen13,6487,文体部
42252.6561,史帝文,dshi11,6582,文体部
42252.6311,宋蕙文,hsong38,6486,文体部
42252.57438,孙百加,bsun3,6392,文体部
42252.64564,陶斯羽,siyutao2,6542,文体部
42418.53958,万钰,yuwan2,7961,文体部
42276.64598,徐佳宁,jxu77,7940,文体部
42252.62843,闫欣,xinyan2,6477,文体部
42252.65573,张嘉晖,jzhan163,6580,文体部
42252.65813,周明锐,mzhou32,6587,文体部
42252.67478,黄椂,luhuang3,6641,香槟影楼
42252.60125,曹耕源,gcao5,6410,香槟影楼
42252.59322,戴夏涵,xdai5,6401,香槟影楼
42252.60631,单曦纬,xshan6,6420,香槟影楼
42252.60195,董宗旭,zdong10,6412,香槟影楼
42252.60668,何鸿路,hhe12,6418,香槟影楼
42252.60026,罗迪语,diyuluo2,6408,香槟影楼
42252.60415,潘燕思宇,ypan28,6413,香槟影楼
42252.60157,邵华,huashao2,6411,香槟影楼
42271.62491,王博,bowang12,7909,香槟影楼
42252.61272,吴新彤,xwu68,6433,香槟影楼
42252.60001,吴雨桐,ywu116,6407,香槟影楼
42276.64573,徐佳宁,jxu77,7934,香槟影楼
42252.6125,张宇同,yzhng155,6432,香槟影楼
42252.68187,周尔之,ezhou6,6665,香槟影楼
42264.91893,朱纬坤,wzhu29,7794,香槟影楼
,刘雨薇,,,宣传部
42252.64089,曹靖悦,jcao16,6522,宣传部
42252.62807,陈思颖,schen171,6476,宣传部
42252.65235,邓斯琪,sdeng7,6567,宣传部
42252.64029,龚晰,xigong2,6521,宣传部
42252.66642,黄雨鸣,yhuan127,6612,宣传部
42252.64133,姜冠美,gjiang8,6525,宣传部
42252.67031,金祎铭,yjin34,6626,宣传部
42252.6422,经晓琪,xjing3,6529,宣传部
42252.64663,赖思羽,siyulai2,6546,宣传部
42252.66428,梁微,wliang13,6607,宣传部
42252.65043,刘路,luliu6,6562,宣传部
42252.6394,刘美君,mliu73,6516,宣传部
42252.63412,骆雨丰,Luo34,6496,宣传部
42252.64133,钱纯青,cqian9,6526,宣传部
42252.64702,孙祎彤,ysun79,6547,宣传部
42252.66283,王博,bowang12,6602,宣传部
42252.63681,王子玉,zwang193,6509,宣传部
42252.68144,吴雨桐,ywu116,6652,宣传部
42252.6419,张隽楚,jzhng156,6528,宣传部
42252.6503,赵同博,tzhao22,6561,宣传部
42264.91862,朱纬坤,wzhu29,7807,宣传部
42252.66909,史苏晋,sshi6,6622,学生事务部
42265.45556,Bitian Qi,673358265,7945,学生事务部
42266.00214,蔡梦渝,mcai6,7954,学生事务部
42252.65131,曹业成,cao38,6564,学生事务部
42252.60931,黄佳牥,jhung101,6425,学生事务部
42252.67054,金祎铭,yjin34,6626,学生事务部
42252.66693,景基恒,jjing3,6613,学生事务部
42264.86371,李悦恬,li212,7935,学生事务部
42252.65201,刘芳行,fliu35,6566,学生事务部
42252.67067,刘研之,yliu270,6628,学生事务部
42264.86227,骆天伦,tluo6,7916,学生事务部
42264.89015,王立雯,659897459,7906,学生事务部
42252.66967,王秀媛,xwang191,6624,学生事务部
42252.66369,王子荆,zwang197,6604,学生事务部
42252.60832,吴新彤,xwu68,6419,学生事务部
42252.65503,颜冠浩,gyan5,6578,学生事务部
42252.6508,郑鹏旭,pzheng5,6563,学生事务部
42252.66841,支启乐,qilezhi2,6619,学生事务部
42252.67165,崔同辉,tcui3,6630,研究生部
42252.61049,Shutting Gong,sgong5,6429,研究生部
42252.66,蔡亚平,cai25,6594,研究生部
42252.62783,谌茹,rushen2,6475,研究生部
42252.65791,代亚萌,dai15,6585,研究生部
42252.63178,扈泽宇,zeyuhu2,6488,研究生部
42252.63846,雷雨芸,lei13,6514,研究生部
42252.6319,李程,cli99,6489,研究生部
42252.63719,吕捷,jielv1,6510,研究生部
42252.64509,毛泽宇,zeyumao2,6539,研究生部
42252.62766,任意,yiren6,6474,研究生部
42252.65764,王双龙,swang157,6584,研究生部
42252.65755,吴桐,tongwu9,6586,研究生部
42252.65164,肖劲峰,jxiao13,6565,研究生部
42252.55985,徐韵涵,yxu19,6354,研究生部
42269.85567,杨宇航,yang221,7913,研究生部
42252.56013,叶欣,xinye3,6356,研究生部
42264.8308,张青青,qzhang86,7813,研究生部
42252.63908,赵诗笛,szhao41,6515,研究生部
42252.64498,郑静,jzheng36,6538,研究生部
42252.63743,周洋,yzhou116,6511,研究生部
42252.67226,朱宇翔,yzhu15,6632,研究生部
42252.61646,张诗妍,szhang82,6446,执行委员会
42252.68101,程弘,hcheng17,6662,执行委员会
42252.68039,关钧丰,jguan8,6660,执行委员会
42252.63344,李凌晖,lli50,6494,执行委员会
42252.67327,彭旭冉,xpeng12,6637,执行委员会
42252.66975,吴怡风,ywu67,6625,执行委员会
42252.61659,吴语,yuwu4,6447,执行委员会
42252.67375,徐倜,txu20,6638,执行委员会
42252.67164,张楠,nzhang25,6631,执行委员会
42252.6495,黄一川,yhuang92,6558,职业发展部
42252.63673,陈韦如,wchen108,6507,职业发展部
42252.5929,戴悦,yuedai2,6399,职业发展部
42252.62929,耿瀚飞,hgeng4,6481,职业发展部
42252.6448,贾林青,ljia6,6537,职业发展部
42252.59729,兰昊勇,hlan3,6403,职业发展部
42252.63477,林佳玮,jlin80,6500,职业发展部
42252.65003,孙梦琦,msun13,6560,职业发展部
42252.6228,王梓博,ziwang5,6468,职业发展部
42252.63462,许明嘉,mxu24,6498,职业发展部
42252.63036,钟彦宏,yzhong23,6483,职业发展部
42252.62052,周易坤,zhou110,6460,职业发展部
